<project version="3">
  <maintainer email="jlamotte@softbankrobotics.com">Joël Lamotte</maintainer>
  <maintainer email="jmonnon@softbankrobotics.com">Jérémy Monnon</maintainer>
  <maintainer email="philippe.martin@softbankrobotics.com">Philippe Martin</maintainer>
  <maintainer email="vincent.palancher@softbankrobotics.com">Vincent Palancher</maintainer>
  <maintainer email="julien.bernard@external.softbankrobotics.com">Julien Bernard</maintainer>
  <qibuild name="libqi-python">
    <depends runtime="true" buildtime="true" names="libqi python3 boost" />
  </qibuild>
  <qipython name="libqi-python">
    <package name="qi" />
  </qipython>
</project>
